Council Code,Council Name,AEM Group Name,Council Folder Path,Folder Type,Notes
100,Girl Scout Central,(no council group - GSUSA-owned),/content/dam/gsusa/councils/100-girl-scout-central,GSUSA-owned (shared read to all councils),"Treated as GSUSA folder, not a council (MOM). Managed by GSUSA Content Creators."
800,Juliette Gordon Low Birthplace,council-800-collaborators,/content/dam/gsusa/councils/800-juliette-gordon-low-birthplace,Council,Full RWCD within own folder; view shared GSUSA folders.
700,USA Girl Scouts Overseas,council-700-collaborators,/content/dam/gsusa/councils/700-usa-girl-scouts-overseas,Council,Full RWCD within own folder; view shared GSUSA folders.
603,Alaska,council-603-collaborators,/content/dam/gsusa/councils/603-alaska,Council,Full RWCD within own folder; view shared GSUSA folders.
607,Arizona Cactus-Pine,council-607-collaborators,/content/dam/gsusa/councils/607-arizona-cactus-pine,Council,Full RWCD within own folder; view shared GSUSA folders.
289,Black Diamond,council-289-collaborators,/content/dam/gsusa/councils/289-black-diamond,Council,Full RWCD within own folder; view shared GSUSA folders.
635,California’s Central Coast,council-635-collaborators,/content/dam/gsusa/councils/635-californias-central-coast,Council,Full RWCD within own folder; view shared GSUSA folders.
198,Caribe,council-198-collaborators,/content/dam/gsusa/councils/198-caribe,Council,Full RWCD within own folder; view shared GSUSA folders.
368,Carolinas Peaks to Piedmont,council-368-collaborators,/content/dam/gsusa/councils/368-carolinas-peaks-to-piedmont,Council,Full RWCD within own folder; view shared GSUSA folders.
131,Central & Southern New Jersey,council-131-collaborators,/content/dam/gsusa/councils/131-central-southern-new-jersey,Council,Full RWCD within own folder; view shared GSUSA folders.
116,Central and Western Massachusetts,council-116-collaborators,/content/dam/gsusa/councils/116-central-and-western-massachusetts,Council,Full RWCD within own folder; view shared GSUSA folders.
612,Central California South,council-612-collaborators,/content/dam/gsusa/councils/612-central-california-south,Council,Full RWCD within own folder; view shared GSUSA folders.
402,Central Illinois,council-402-collaborators,/content/dam/gsusa/councils/402-central-illinois,Council,Full RWCD within own folder; view shared GSUSA folders.
434,Central Indiana,council-434-collaborators,/content/dam/gsusa/councils/434-central-indiana,Council,Full RWCD within own folder; view shared GSUSA folders.
218,Central Maryland,council-218-collaborators,/content/dam/gsusa/councils/218-central-maryland,Council,Full RWCD within own folder; view shared GSUSA folders.
578,Central Texas,council-578-collaborators,/content/dam/gsusa/councils/578-central-texas,Council,Full RWCD within own folder; view shared GSUSA folders.
200,Chesapeake Bay,council-200-collaborators,/content/dam/gsusa/councils/200-chesapeake-bay,Council,Full RWCD within own folder; view shared GSUSA folders.
312,Citrus,council-312-collaborators,/content/dam/gsusa/councils/312-citrus,Council,Full RWCD within own folder; view shared GSUSA folders.
282,Colonial Coast,council-282-collaborators,/content/dam/gsusa/councils/282-colonial-coast,Council,Full RWCD within own folder; view shared GSUSA folders.
512,Colorado,council-512-collaborators,/content/dam/gsusa/councils/512-colorado,Council,Full RWCD within own folder; view shared GSUSA folders.
278,Commonwealth of Virginia,council-278-collaborators,/content/dam/gsusa/councils/278-commonwealth-of-virginia,Council,Full RWCD within own folder; view shared GSUSA folders.
106,Connecticut,council-106-collaborators,/content/dam/gsusa/councils/106-connecticut,Council,Full RWCD within own folder; view shared GSUSA folders.
478,Dakota Horizons,council-478-collaborators,/content/dam/gsusa/councils/478-dakota-horizons,Council,Full RWCD within own folder; view shared GSUSA folders.
582,Desert Southwest,council-582-collaborators,/content/dam/gsusa/councils/582-desert-southwest,Council,Full RWCD within own folder; view shared GSUSA folders.
506,"Diamonds of Arkansas, Oklahoma & Texas",council-506-collaborators,/content/dam/gsusa/councils/506-diamonds-of-arkansas-oklahoma-texas,Council,Full RWCD within own folder; view shared GSUSA folders.
514,Eastern Iowa and Western Illinois,council-514-collaborators,/content/dam/gsusa/councils/514-eastern-iowa-and-western-illinois,Council,Full RWCD within own folder; view shared GSUSA folders.
117,Eastern Massachusetts,council-117-collaborators,/content/dam/gsusa/councils/117-eastern-massachusetts,Council,Full RWCD within own folder; view shared GSUSA folders.
548,Eastern Missouri,council-548-collaborators,/content/dam/gsusa/councils/548-eastern-missouri,Council,Full RWCD within own folder; view shared GSUSA folders.
564,Eastern Oklahoma,council-564-collaborators,/content/dam/gsusa/councils/564-eastern-oklahoma,Council,Full RWCD within own folder; view shared GSUSA folders.
253,Eastern Pennsylvania,council-253-collaborators,/content/dam/gsusa/councils/253-eastern-pennsylvania,Council,Full RWCD within own folder; view shared GSUSA folders.
376,Eastern South Carolina,council-376-collaborators,/content/dam/gsusa/councils/376-eastern-south-carolina,Council,Full RWCD within own folder; view shared GSUSA folders.
687,Eastern Washington and Northern Idaho,council-687-collaborators,/content/dam/gsusa/councils/687-eastern-washington-and-northern-idaho,Council,Full RWCD within own folder; view shared GSUSA folders.
600,Farthest North,council-600-collaborators,/content/dam/gsusa/councils/600-farthest-north,Council,Full RWCD within own folder; view shared GSUSA folders.
313,Gateway,council-313-collaborators,/content/dam/gsusa/councils/313-gateway,Council,Full RWCD within own folder; view shared GSUSA folders.
333,Greater Atlanta,council-333-collaborators,/content/dam/gsusa/councils/333-greater-atlanta,Council,Full RWCD within own folder; view shared GSUSA folders.
430,Greater Chicago and Northwest Indiana,council-430-collaborators,/content/dam/gsusa/councils/430-greater-chicago-and-northwest-indiana,Council,Full RWCD within own folder; view shared GSUSA folders.
524,Greater Iowa,council-524-collaborators,/content/dam/gsusa/councils/524-greater-iowa,Council,Full RWCD within own folder; view shared GSUSA folders.
611,Greater Los Angeles,council-611-collaborators,/content/dam/gsusa/councils/611-greater-los-angeles,Council,Full RWCD within own folder; view shared GSUSA folders.
354,Greater Mississippi,council-354-collaborators,/content/dam/gsusa/councils/354-greater-mississippi,Council,Full RWCD within own folder; view shared GSUSA folders.
161,Greater New York,council-161-collaborators,/content/dam/gsusa/councils/161-greater-new-york,Council,Full RWCD within own folder; view shared GSUSA folders.
596,Greater South Texas,council-596-collaborators,/content/dam/gsusa/councils/596-greater-south-texas,Council,Full RWCD within own folder; view shared GSUSA folders.
126,Green and White Mountains,council-126-collaborators,/content/dam/gsusa/councils/126-green-and-white-mountains,Council,Full RWCD within own folder; view shared GSUSA folders.
314,Gulfcoast Florida,council-314-collaborators,/content/dam/gsusa/councils/314-gulfcoast-florida,Council,Full RWCD within own folder; view shared GSUSA folders.
642,Hawaii,council-642-collaborators,/content/dam/gsusa/councils/642-hawaii,Council,Full RWCD within own folder; view shared GSUSA folders.
634,Heart of Central California,council-634-collaborators,/content/dam/gsusa/councils/634-heart-of-central-california,Council,Full RWCD within own folder; view shared GSUSA folders.
456,Heart of Michigan,council-456-collaborators,/content/dam/gsusa/councils/456-heart-of-michigan,Council,Full RWCD within own folder; view shared GSUSA folders.
135,Heart of New Jersey,council-135-collaborators,/content/dam/gsusa/councils/135-heart-of-new-jersey,Council,Full RWCD within own folder; view shared GSUSA folders.
258,Heart of Pennsylvania,council-258-collaborators,/content/dam/gsusa/councils/258-heart-of-pennsylvania,Council,Full RWCD within own folder; view shared GSUSA folders.
155,Heart of the Hudson,council-155-collaborators,/content/dam/gsusa/councils/155-heart-of-the-hudson,Council,Full RWCD within own folder; view shared GSUSA folders.
387,Heart of the South,council-387-collaborators,/content/dam/gsusa/councils/387-heart-of-the-south,Council,Full RWCD within own folder; view shared GSUSA folders.
325,Historic Georgia,council-325-collaborators,/content/dam/gsusa/councils/325-historic-georgia,Council,Full RWCD within own folder; view shared GSUSA folders.
360,Hornets’ Nest,council-360-collaborators,/content/dam/gsusa/councils/360-hornets-nest,Council,Full RWCD within own folder; view shared GSUSA folders.
134,Jersey Shore,council-134-collaborators,/content/dam/gsusa/councils/134-jersey-shore,Council,Full RWCD within own folder; view shared GSUSA folders.
536,Kansas Heartland,council-536-collaborators,/content/dam/gsusa/councils/536-kansas-heartland,Council,Full RWCD within own folder; view shared GSUSA folders.
208,Kentuckiana,council-208-collaborators,/content/dam/gsusa/councils/208-kentuckiana,Council,Full RWCD within own folder; view shared GSUSA folders.
212,Kentucky’s Wilderness Road,council-212-collaborators,/content/dam/gsusa/councils/212-kentuckys-wilderness-road,Council,Full RWCD within own folder; view shared GSUSA folders.
346,Louisiana East,council-346-collaborators,/content/dam/gsusa/councils/346-louisiana-east,Council,Full RWCD within own folder; view shared GSUSA folders.
345,Louisiana Pines to the Gulf,council-345-collaborators,/content/dam/gsusa/councils/345-louisiana-pines-to-the-gulf,Council,Full RWCD within own folder; view shared GSUSA folders.
110,Maine,council-110-collaborators,/content/dam/gsusa/councils/110-maine,Council,Full RWCD within own folder; view shared GSUSA folders.
493,Manitou,council-493-collaborators,/content/dam/gsusa/councils/493-manitou,Council,Full RWCD within own folder; view shared GSUSA folders.
450,Michigan Shore to Shore,council-450-collaborators,/content/dam/gsusa/councils/450-michigan-shore-to-shore,Council,Full RWCD within own folder; view shared GSUSA folders.
468,Minnesota & Wisconsin Lakes and Pines,council-468-collaborators,/content/dam/gsusa/councils/468-minnesota-wisconsin-lakes-and-pines,Council,Full RWCD within own folder; view shared GSUSA folders.
477,Minnesota & Wisconsin River Valleys,council-477-collaborators,/content/dam/gsusa/councils/477-minnesota-wisconsin-river-valleys,Council,Full RWCD within own folder; view shared GSUSA folders.
538,Missouri Heartland,council-538-collaborators,/content/dam/gsusa/councils/538-missouri-heartland,Council,Full RWCD within own folder; view shared GSUSA folders.
654,Montana and Wyoming,council-654-collaborators,/content/dam/gsusa/councils/654-montana-and-wyoming,Council,Full RWCD within own folder; view shared GSUSA folders.
168,Nassau County,council-168-collaborators,/content/dam/gsusa/councils/168-nassau-county,Council,Full RWCD within own folder; view shared GSUSA folders.
204,Nation’s Capital,council-204-collaborators,/content/dam/gsusa/councils/204-nations-capital,Council,Full RWCD within own folder; view shared GSUSA folders.
547,Northeast Kansas and Northwest Missouri,council-547-collaborators,/content/dam/gsusa/councils/547-northeast-kansas-and-northwest-missouri,Council,Full RWCD within own folder; view shared GSUSA folders.
557,New Mexico Trails,council-557-collaborators,/content/dam/gsusa/councils/557-new-mexico-trails,Council,Full RWCD within own folder; view shared GSUSA folders.
367,North Carolina Coastal Pines,council-367-collaborators,/content/dam/gsusa/councils/367-north-carolina-coastal-pines,Council,Full RWCD within own folder; view shared GSUSA folders.
306,North Central Alabama,council-306-collaborators,/content/dam/gsusa/councils/306-north-central-alabama,Council,Full RWCD within own folder; view shared GSUSA folders.
234,Northeast Ohio,council-234-collaborators,/content/dam/gsusa/councils/234-northeast-ohio,Council,Full RWCD within own folder; view shared GSUSA folders.
597,Northeast Texas,council-597-collaborators,/content/dam/gsusa/councils/597-northeast-texas,Council,Full RWCD within own folder; view shared GSUSA folders.
153,Northeastern New York,council-153-collaborators,/content/dam/gsusa/councils/153-northeastern-new-york,Council,Full RWCD within own folder; view shared GSUSA folders.
636,Northern California,council-636-collaborators,/content/dam/gsusa/councils/636-northern-california,Council,Full RWCD within own folder; view shared GSUSA folders.
415,Northern Illinois,council-415-collaborators,/content/dam/gsusa/councils/415-northern-illinois,Council,Full RWCD within own folder; view shared GSUSA folders.
438,Northern Indiana–Michiana,council-438-collaborators,/content/dam/gsusa/councils/438-northern-indianamichiana,Council,Full RWCD within own folder; view shared GSUSA folders.
140,Northern New Jersey,council-140-collaborators,/content/dam/gsusa/councils/140-northern-new-jersey,Council,Full RWCD within own folder; view shared GSUSA folders.
499,Northwestern Great Lakes,council-499-collaborators,/content/dam/gsusa/councils/499-northwestern-great-lakes,Council,Full RWCD within own folder; view shared GSUSA folders.
169,NYPENN Pathways,council-169-collaborators,/content/dam/gsusa/councils/169-nypenn-pathways,Council,Full RWCD within own folder; view shared GSUSA folders.
238,Ohio’s Heartland,council-238-collaborators,/content/dam/gsusa/councils/238-ohios-heartland,Council,Full RWCD within own folder; view shared GSUSA folders.
622,Orange County,council-622-collaborators,/content/dam/gsusa/councils/622-orange-county,Council,Full RWCD within own folder; view shared GSUSA folders.
664,Oregon and Southwest Washington,council-664-collaborators,/content/dam/gsusa/councils/664-oregon-and-southwest-washington,Council,Full RWCD within own folder; view shared GSUSA folders.
377,South Carolina Mountains to Midlands,council-377-collaborators,/content/dam/gsusa/councils/377-south-carolina-mountains-to-midlands,Council,Full RWCD within own folder; view shared GSUSA folders.
623,San Diego,council-623-collaborators,/content/dam/gsusa/councils/623-san-diego,Council,Full RWCD within own folder; view shared GSUSA folders.
614,San Gorgonio,council-614-collaborators,/content/dam/gsusa/councils/614-san-gorgonio,Council,Full RWCD within own folder; view shared GSUSA folders.
591,San Jacinto,council-591-collaborators,/content/dam/gsusa/councils/591-san-jacinto,Council,Full RWCD within own folder; view shared GSUSA folders.
661,Sierra Nevada,council-661-collaborators,/content/dam/gsusa/councils/661-sierra-nevada,Council,Full RWCD within own folder; view shared GSUSA folders.
647,Silver Sage,council-647-collaborators,/content/dam/gsusa/councils/647-silver-sage,Council,Full RWCD within own folder; view shared GSUSA folders.
321,Southeast Florida,council-321-collaborators,/content/dam/gsusa/councils/321-southeast-florida,Council,Full RWCD within own folder; view shared GSUSA folders.
465,Southeastern Michigan,council-465-collaborators,/content/dam/gsusa/councils/465-southeastern-michigan,Council,Full RWCD within own folder; view shared GSUSA folders.
194,Southeastern New England,council-194-collaborators,/content/dam/gsusa/councils/194-southeastern-new-england,Council,Full RWCD within own folder; view shared GSUSA folders.
307,Southern Alabama,council-307-collaborators,/content/dam/gsusa/councils/307-southern-alabama,Council,Full RWCD within own folder; view shared GSUSA folders.
388,Southern Appalachians,council-388-collaborators,/content/dam/gsusa/councils/388-southern-appalachians,Council,Full RWCD within own folder; view shared GSUSA folders.
608,Southern Arizona,council-608-collaborators,/content/dam/gsusa/councils/608-southern-arizona,Council,Full RWCD within own folder; view shared GSUSA folders.
416,Southern Illinois,council-416-collaborators,/content/dam/gsusa/councils/416-southern-illinois,Council,Full RWCD within own folder; view shared GSUSA folders.
660,Southern Nevada,council-660-collaborators,/content/dam/gsusa/councils/660-southern-nevada,Council,Full RWCD within own folder; view shared GSUSA folders.
441,Southwest Indiana,council-441-collaborators,/content/dam/gsusa/councils/441-southwest-indiana,Council,Full RWCD within own folder; view shared GSUSA folders.
590,Southwest Texas,council-590-collaborators,/content/dam/gsusa/councils/590-southwest-texas,Council,Full RWCD within own folder; view shared GSUSA folders.
556,Spirit of Nebraska,council-556-collaborators,/content/dam/gsusa/councils/556-spirit-of-nebraska,Council,Full RWCD within own folder; view shared GSUSA folders.
191,Suffolk County,council-191-collaborators,/content/dam/gsusa/councils/191-suffolk-county,Council,Full RWCD within own folder; view shared GSUSA folders.
538,Texas Oklahoma Plains,council-538-collaborators,/content/dam/gsusa/councils/538-texas-oklahoma-plains,Council,Full RWCD within own folder; view shared GSUSA folders.
319,Tropical Florida,council-319-collaborators,/content/dam/gsusa/councils/319-tropical-florida,Council,Full RWCD within own folder; view shared GSUSA folders.
674,Utah,council-674-collaborators,/content/dam/gsusa/councils/674-utah,Council,Full RWCD within own folder; view shared GSUSA folders.
281,Virginia Skyline,council-281-collaborators,/content/dam/gsusa/councils/281-virginia-skyline,Council,Full RWCD within own folder; view shared GSUSA folders.
320,West Central Florida,council-320-collaborators,/content/dam/gsusa/councils/320-west-central-florida,Council,Full RWCD within own folder; view shared GSUSA folders.
192,Western New York,council-192-collaborators,/content/dam/gsusa/councils/192-western-new-york,Council,Full RWCD within own folder; view shared GSUSA folders.
240,Western Ohio,council-240-collaborators,/content/dam/gsusa/councils/240-western-ohio,Council,Full RWCD within own folder; view shared GSUSA folders.
563,Western Oklahoma,council-563-collaborators,/content/dam/gsusa/councils/563-western-oklahoma,Council,Full RWCD within own folder; view shared GSUSA folders.
263,Western Pennsylvania,council-263-collaborators,/content/dam/gsusa/councils/263-western-pennsylvania,Council,Full RWCD within own folder; view shared GSUSA folders.
668,Western Washington,council-668-collaborators,/content/dam/gsusa/councils/668-western-washington,Council,Full RWCD within own folder; view shared GSUSA folders.
497,Wisconsin Southeast,council-497-collaborators,/content/dam/gsusa/councils/497-wisconsin-southeast,Council,Full RWCD within own folder; view shared GSUSA folders.
467,Wisconsin–Badgerland,council-467-collaborators,/content/dam/gsusa/councils/467-wisconsinbadgerland,Council,Full RWCD within own folder; view shared GSUSA folders.
